"Guid","Name","SBQQ__MethodName__c","SBQQ__Version__c"
051498e0-f420-4995-9b76-9f61a76f7ee4,a0S3t00000VTWrL,createViewConsumptionScheduleLineAction,228.7
1e6d77d8-8654-42f3-8849-2baa8d5fbef2,a0S3t00000VTWtG,SBQQ.InstallProcessorBatchHasCS,228.7
3195ae4b-4613-4332-aea6-3a4a06b9190c,a0S3t00000VTWsI,SBQQ.SummaryVarRefFieldGenerator,228.7
32b8f7d3-527a-417a-8fe0-061c70399f46,a0S3t00000VTWrQ,enableFlagToPreventBackdatedAmendments,228.7
341610e7-de07-4747-8d1f-70882527b21b,a0S3t00000VTWsr,SBQQ.RootIdSetterParentAssets,228.7
3c42cf98-dd0a-4e63-918b-1dc9eebd3dee,a0S3t00000VTWtB,SBQQ.BatchableDSExclusionGenerator,228.7
3ecbf9aa-a7b8-4e57-be6a-7ef7abb07f3f,a0S3t00000VTWrt,SBQQ.InstallProcessorBatchThemeGenerator,228.7
40cd202f-7e07-422b-b045-e25298e5760d,a0S3t00000VTWsS,SBQQ.PriceRuleRefFieldGenerator,228.7
46597b98-ff57-45d4-bd0e-b8ac2d56d120,a0S3t00000VTWsc,SBQQ.ProductRefFieldGenerator,228.7
48ff70df-486e-4e4a-accc-ecb40a6f4740,a0S3t00000VTWt1,SBQQ.RootIdSetterChildAssets,228.7
49d1fd69-b66c-4b73-bf88-830a977c5dd1,a0S3t00000VTWrK,createCustomActionsOnQLE,228.7
4ede98f3-e43b-42b0-be79-0eba0b5ea7f2,a0S3t00000VTWsh,SBQQ.BatchableConfigAttrReferencedFieldUtil,228.7
6f94c31a-5cec-403d-892a-44eb84a6d549,a0S3t00000VTWrP,createConfiguratorEditRulesAction,228.7
734f2918-f7f1-423b-a47a-9fc6342be034,a0S3t00000VTWre,CalculatorReferencedFieldRemover,228.7
90b5d76e-02d6-45f9-81a7-59e5dd749759,a0S3t00000VTWrN,createAmendSubscriptionsCustomQleAction,228.7
918258a6-f62a-4f43-917b-882af4e895fb,a0S3t00000VTWsD,SBQQ.DiscountScheduleRefFieldGenerator,228.7
97d9e378-15c8-43da-b6be-b33a4964cda4,a0S3t00000VTWsN,SBQQ.ProductRuleRefFieldGenerator,228.7
b0988d94-a2a7-4dfa-8baa-993bde0b88fb,a0S3t00000VTWrZ,SBQQ.BatchablePluginTranspileUtil,228.7
b38d8876-1168-48a6-b9dd-cb813fb913aa,a0S3t00000VTWt6,SBQQ.InstallProcessorBatchQuantityEditable,228.7
b9ce189c-84e9-4162-bfea-dad95490df5e,a0S3t00000VTWsX,SBQQ.CustomActionRefFieldGenerator,228.7
bade30c1-35bf-4cbd-a1aa-686725e86e66,a0S3t00000VTWrV,SBQQ.InstallProcessorBatchQLIPriceBookEntry,228.7
bf58d8b5-7247-45f7-9031-702f8d7cd914,a0S3t00000VTWry,SBQQ.InstallProcessorBatchAssetCombineKey,228.7
c11fc8cb-adb1-4044-9f21-70d5a818da3a,a0S3t00000VTWrj,SBQQ.InstallProcessorBatchLocalizationIndex,228.7
c535e7e2-6186-4450-b176-d9264f230121,a0S3t00000VTWrU,SBQQ.InstallProcessorBatchRegularPrice,228.7
c536240d-07f9-4ce6-af41-de3861a15207,a0S3t00000VTWsm,SBQQ.RootIdSetterParentSubscriptions,228.7
db876d28-00d3-4291-b88e-28845713afee,a0S3t00000VTWrM,createExternalConfiguratorCustomAction,228.7
e4157b3b-be2a-44c6-8795-883a2de80921,a0S3t00000VTWs8,SBQQ.ReferencedFieldRemover,228.7
e77a6470-aef8-46eb-92ed-7d756e2ea705,a0S3t00000VTWro,SBQQ.InstallProcessorBatchRequiredByAsset,228.7
f57ce612-f2fc-4ec2-9e41-873a9e76633e,a0S3t00000VTWrO,viewPricingGuidanceLineAction,228.7
fb349b34-4395-438d-816d-ec4d7aef7249,a0S3t00000VTWsw,SBQQ.RootIdSetterChildSubscriptions,228.7
fbe1ceb1-c8e8-4b7f-ba0d-aa40b3f1394e,a0S3t00000VTWrR,createAddRecommendedProductsAction,228.7
fc207e00-2adf-48f7-a6f5-ce6284a791ef,a0S3t00000VTWs3,updateOIsWithAssetsContractsSubs,228.7
